personid,wfh,age,grosswage,children,bedroom,commute,married
3906,1,33,2.7375467,1,1,180,1
4122,1,30,4.0962458,0,0,180,0
4448,1,35,4.2692962,1,1,100,1
4942,1,27,5.2953954,0,1,160,1
5018,1,29,1.3875899,1,1,240,1
5614,0,32,3.8260088,0,1,80,1
6362,0,29,4.8947082,1,1,200,1
6364,1,26,6.2207456,1,1,180,1
7068,0,28,4.3418241,0,1,40,1
7076,1,30,2.66415,1,1,120,1
7488,1,25,3.0722089,0,1,240,0
7720,1,25,3.0483878,0,1,180,0
8522,1,30,4.1922421,1,1,120,1
8834,0,22,3.6427166,0,0,60,0
8854,1,22,4.2592611,0,1,60,0
8980,1,25,1.9734234,0,1,120,0
9710,0,33,3.9029267,0,1,120,1
10226,0,22,3.3343222,0,0,60,0
10356,0,27,3.7967179,0,1,60,0
10794,1,32,4.1691942,1,1,120,1
10822,1,26,2.9962699,0,1,70,1
11348,0,25,2.7525179,1,1,120,1
11390,1,31,4.7715454,0,1,60,1
11868,1,30,2.7679133,0,1,120,0
12306,0,24,3.4949443,0,1,180,0
12426,0,30,2.8134468,0,1,60,1
12896,0,26,4.3952889,0,1,150,1
12974,1,22,3.8363302,0,1,20,0
13530,1,29,2.9978867,0,1,100,0
13710,1,30,3.8624947,1,1,120,1
13980,0,28,4.4680867,0,1,120,0
14048,0,28,3.6995213,1,1,180,1
14374,1,28,3.3623633,0,1,2.5,0
14382,1,26,5.1260633,1,1,190,1
14384,1,32,3.6653888,0,1,180,0
14522,0,29,3.4024889,0,1,40,0
14528,1,28,2.6626198,1,1,65,1
14532,1,26,2.9423811,0,1,120,0
14556,0,26,3.7961645,1,1,120,1
14678,1,26,3.7973533,0,1,60,1
15294,0,25,3.7159467,0,1,80,0
15444,1,27,3.27178,0,1,120,1
16424,1,22,3.1301768,0,1,180,0
16514,1,28,2.3920667,0,1,70,0
16594,0,29,3.6042979,1,1,160,1
16596,1,34,4.7260346,1,1,40,1
17160,0,27,3.3902433,1,1,180,1
17172,1,28,4.6419311,0,1,240,0
17722,1,24,4.1951799,0,1,120,0
17752,1,25,3.5489633,0,1,60,0
17812,0,28,4.7051601,1,1,150,1
17906,1,27,2.5038145,0,1,210,1
18112,1,27,2.7862556,0,1,120,0
18494,0,31,3.2129254,0,1,180,0
19470,0,25,3.5001233,0,1,60,0
19482,0,23,2.7133322,0,1,180,0
21604,0,24,3.0380278,0,1,200,0
21648,1,26,2.6443167,1,1,75,1
21654,1,29,4.1014285,0,1,80,0
21710,1,30,2.6169801,0,1,90,1
22022,0,22,3.4560156,0,1,120,0
22284,0,21,3.4786634,1,1,45,1
23126,0,23,4.2542796,0,1,95,0
23136,1,22,3.1753633,0,1,60,0
23228,1,23,3.9816256,0,1,40,1
23622,1,25,4.1304722,0,1,120,0
23772,0,21,3.6291912,0,1,40,0
24142,1,29,4.9450345,0,1,180,0
24146,1,24,3.2050078,0,1,150,0
24608,1,34,3.8289921,1,1,20,1
25056,1,23,2.8689067,0,1,40,0
25258,0,26,3.4368823,0,1,120,0
25520,1,24,3.6391969,0,1,60,0
25532,0,25,3.3970912,0,1,180,0
25628,1,24,3.0696712,0,1,120,0
25638,1,26,2.7953246,0,1,120,0
25700,0,27,3.1886568,0,1,30,0
25864,0,20,4.3348713,0,1,40,0
25940,1,24,3.5226889,0,1,100,1
25962,1,24,3.6365478,1,1,80,1
26328,0,22,3.6299655,0,0,30,0
26618,1,24,3.6763389,0,1,40,0
27704,0,26,2.6993911,0,1,30,0
28190,1,25,2.9674811,0,1,60,0
28224,0,27,3.1292701,1,1,30,1
28226,0,23,2.3416898,0,1,120,0
28470,1,24,3.0680244,0,1,60,0
28492,1,24,4.2266932,0,1,40,0
29172,1,26,2.8963332,0,1,180,0
29216,0,26,2.9735067,0,1,50,0
29248,0,27,2.7496324,1,1,40,1
29996,0,23,3.3534834,0,1,60,1
30006,0,24,3.2888489,0,1,60,0
30014,1,30,4.3416367,0,1,50,0
30308,0,21,3.7130811,0,0,50,0
30972,1,27,2.8467743,0,1,120,0
31136,0,23,2.6250567,0,1,140,0
31230,1,24,2.9393754,0,1,200,1
31292,1,27,3.6276512,0,1,135,0
31796,1,24,3.8672733,0,1,120,1
31888,1,27,3.249639,1,1,180,1
31936,0,25,2.4034512,0,1,75,0
32590,1,28,2.6732466,0,1,100,0
33128,1,21,3.7385809,0,1,80,0
33278,1,20,2.275409,0,1,180,0
33350,1,26,2.8910179,0,1,120,0
33354,0,21,2.702929,0,1,135,0
35344,1,22,2.8727365,0,1,60,0
36032,1,22,2.3757291,0,1,120,0
36288,0,25,2.84852,0,1,30,0
36306,1,26,3.2344944,0,1,80,0
36314,0,23,2.7280767,0,1,75,0
36908,1,23,2.7428231,0,1,60,0
37292,0,21,2.5126977,0,1,180,0
37294,1,20,2.2425222,0,1,80,0
37784,0,19,2.465909,0,1,105,0
37798,0,21,4.0997667,0,1,20,0
37812,0,26,2.5612578,0,1,180,0
37828,0,23,3.4578824,0,1,60,0
38018,0,25,2.4711423,0,1,120,0
38028,1,21,4.081461,0,1,20,0
38038,1,35,3.7505789,1,1,50,1
38040,1,22,2.4195065,0,1,120,1
38042,1,20,2.1565979,0,1,180,0
38046,0,21,2.5232611,0,1,180,0
38070,1,18,2.1282835,0,1,180,0
38290,0,21,2.2940667,0,1,20,0
38566,1,22,2.6179056,0,1,300,1
38580,1,22,3.1737044,0,1,150,0
38712,0,22,2.408632,0,1,60,0
38878,1,25,2.7521698,0,1,180,0
38898,1,22,2.3294411,0,1,30,0
39144,0,18,2.307771,0,1,135,0
39164,0,19,1.9574367,0,1,60,0
39458,0,21,2.0327144,0,1,180,0
39466,0,19,2.3777688,0,1,90,0
39490,1,23,2.8580811,0,1,80,0
39512,1,19,2.7819822,0,1,120,0
39548,1,26,2.2523489,0,1,120,0
39634,0,20,3.3516254,0,1,28,0
39748,0,22,2.5558746,1,1,60,1
39990,1,24,2.6146433,0,1,40,0
40162,0,21,2.5025301,0,1,120,0
40164,1,22,2.7391,0,1,180,0
40192,1,23,2.4117811,0,1,180,0
40316,1,25,2.5293367,0,1,60,0
40320,1,25,3.1419656,1,1,30,1
40322,0,24,2.4230156,0,1,80,0
40328,0,22,2.8085544,0,1,40,0
40336,0,25,1.8216889,0,1,120,0
40444,1,34,4.5790925,1,1,240,1
40456,0,23,2.9682412,0,1,40,0
40472,1,25,2.7997401,0,1,90,0
40490,0,21,2.2997365,0,1,200,0
41286,1,23,2.2320545,0,1,60,0
41318,1,22,2.8944988,0,1,150,0
41818,1,23,1.5676389,0,1,40,0
42108,1,23,2.180999,0,1,165,0
42140,0,25,2.0991511,1,1,120,1
42146,1,21,2.6055667,0,1,155,0
42152,0,25,2.2796545,0,1,120,0
42308,1,23,2.1777735,0,1,190,1
42592,0,23,2.1660967,0,1,120,0
42624,1,23,2.1169591,0,1,180,0
42628,1,22,2.6698179,0,1,140,0
42632,0,21,2.1365278,0,1,210,0
43258,0,22,2.5343001,0,1,180,0
43264,1,22,2.1834314,0,1,210,0
43270,1,25,2.6007185,0,1,180,0
43278,1,23,1.8964972,0,1,120,0
43286,1,20,2.3404601,0,1,20,0
43500,1,27,2.6960227,1,1,120,1
43534,1,23,2.3380985,0,1,180,0
43570,1,18,2.4264233,0,1,180,0
43926,1,22,2.8931179,0,1,50,0
44266,1,19,2.1462648,0,1,55,0
44282,0,20,1.9008915,0,1,240,0
44408,1,22,1.6431301,0,1,180,0
44782,1,23,2.7881098,0,1,60,0
44784,0,31,2.4996901,0,1,30,0
44800,1,25,2.74229,0,1,120,0
45238,1,22,1.6785461,0,1,40,0
45254,1,23,1.908324,0,1,210,0
45442,0,22,2.4788702,0,1,40,0
3224,0,30,3.8248823,0,0,40,0
4118,0,31,3.4603801,1,0,180,1
4164,0,28,7.2532001,0,1,65,1
4252,0,29,4.0608325,0,0,140,0
4944,0,25,4.4770112,0,1,180,0
4992,0,25,3.8015378,0,1,240,0
5560,0,29,4.420188,1,1,50,1
5606,0,26,3.0919712,0,0,120,0
5742,0,26,6.7337432,0,1,60,1
5784,0,31,2.9404178,0,1,160,0
5906,0,23,4.5938811,1,1,180,1
5930,0,23,4.410223,0,0,50,0
6162,0,31,3.8107321,0,1,120,0
6278,0,32,2.9187889,1,1,170,1
6284,0,23,3.9908912,0,0,60,0
6300,0,33,3.3604422,0,1,80,0
6342,0,30,3.923372,1,1,120,1
6344,0,27,4.5168571,1,1,120,1
6856,0,31,2.1215911,0,1,180,0
6898,0,24,4.6395741,0,0,120,0
6904,0,23,3.7446711,0,0,45,0
6924,0,22,4.9445286,0,1,110,0
7056,0,27,5.0630698,1,0,80,1
7132,0,22,3.6314757,0,1,50,0
7184,0,27,4.2302675,0,1,120,1
7240,0,23,4.35887,0,0,40,0
7324,0,27,4.6434965,0,0,90,0
7454,0,24,2.0513732,0,1,85,1
7456,0,25,4.9626255,0,0,120,0
7538,0,24,3.3498802,0,0,120,0
7660,0,25,3.49544,0,1,240,0
7820,0,28,3.5054533,1,1,180,1
7856,0,22,5.1482167,0,0,40,0
7872,0,22,3.6174922,0,0,60,0
7896,0,22,3.8224521,0,0,60,0
7978,0,29,4.3938274,1,1,180,1
8440,0,24,1.5288833,0,1,80,0
8830,0,22,5.8753214,0,0,30,0
8858,0,23,4.3171253,0,1,90,0
9070,0,23,4.0421543,0,1,60,0
9072,0,23,4.3165522,0,0,40,0
9086,0,22,3.2136621,0,0,100,0
9106,0,23,3.6806667,0,1,20,0
9426,0,23,3.2903333,0,1,30,0
9432,0,22,4.9271822,0,0,40,0
9460,0,23,5.8756423,0,1,40,0
9666,0,26,2.7383602,0,0,50,1
9886,0,30,3.8439844,0,1,80,0
10024,0,26,3.3279943,1,1,230,1
10098,0,28,4.3152037,1,1,180,1
10210,0,23,4.0901799,0,0,60,0
10228,0,22,5.9146934,0,0,30,0
10236,0,22,3.9678166,0,0,55,0
10450,0,27,4.5207467,0,1,180,0
10868,0,30,1.4717622,1,1,130,1
11034,0,25,3.9688244,0,0,40,0
11062,0,22,3.3237,0,0,40,0
11128,0,28,3.9076154,0,1,40,1
11212,0,32,3.6687167,0,0,180,0
11238,0,23,3.4772835,0,0,80,0
11314,0,25,3.7485299,0,1,120,0
11362,0,27,3.9455733,1,1,180,1
11386,0,26,3.5143433,0,0,80,0
11582,0,22,3.71543,0,1,50,0
11814,0,24,5.9308381,0,1,50,0
11870,0,28,3.38325,0,1,20,0
11896,0,29,3.5289278,1,1,120,1
12150,0,33,2.9225345,1,1,150,1
12350,0,29,4.3548565,1,1,180,1
12806,0,23,2.3903179,0,0,80,0
13010,0,21,4.3259802,0,0,70,0
13054,0,25,3.4843545,0,0,120,0
13056,0,28,2.136348,0,1,60,0
13118,0,22,2.8010588,0,1,125,0
13214,0,21,2.7348032,0,0,120,0
13222,0,21,4.1090388,0,0,60,0
13250,0,25,4.74861,0,1,60,0
13346,0,21,4.6262054,0,0,40,0
13484,0,25,2.7452157,0,1,90,0
13486,0,23,2.3599699,0,1,10,0
13574,0,30,4.1970549,1,1,190,1
13664,0,25,3.9619966,0,0,60,0
13812,0,25,3.3776224,0,0,90,0
14212,0,26,3.458298,0,1,120,0
14220,0,28,2.7996411,1,1,240,1
14266,0,26,3.0967278,0,1,60,1
14380,0,25,3.0946934,0,0,130,1
14672,0,23,2.9062588,0,1,30,0
14682,0,23,3.9770288,0,1,80,0
14704,0,25,4.0076942,0,0,50,0
14724,0,24,5.9590802,0,1,30,0
14734,0,25,5.2125001,0,1,50,0
14804,0,29,3.6911023,1,1,150,1
14926,0,28,4.9257622,0,1,20,0
15098,0,25,4.404284,0,0,60,0
15148,0,25,2.7831867,0,1,36,0
15436,0,23,4.1681857,0,0,40,0
15452,0,26,2.6629901,0,1,30,0
15704,0,27,2.8402689,0,1,150,1
15732,0,25,1.0904567,0,1,80,0
15836,0,31,3.3182311,0,0,30,0
15862,0,26,3.8316634,0,1,80,0
16104,0,28,3.7076747,0,1,120,1
16334,0,30,3.4295022,1,1,240,1
16410,0,25,3.8790488,0,0,30,0
16422,0,29,2.2396276,1,1,90,1
16518,0,27,3.2689991,0,1,180,0
16538,0,22,3.1119468,0,0,180,0
16564,0,30,3.0948277,0,1,30,0
16654,0,29,2.6660111,1,1,90,1
16806,0,28,2.4147966,1,1,120,1
16812,0,24,3.0640123,0,1,80,0
16870,0,21,2.4054167,0,0,120,0
17000,0,27,4.5554433,0,0,20,0
17014,0,27,4.1354113,0,1,120,0
17058,0,23,2.6229999,0,1,140,0
17166,0,27,4.1173334,0,1,180,0
17178,0,25,3.7911956,0,0,40,0
17180,0,24,3.1745889,0,0,120,0
17274,0,26,3.1348279,1,1,120,1
17290,0,31,5.9103727,1,0,210,1
17386,0,23,2.3342412,1,1,120,1
17518,0,30,3.7134566,1,1,190,1
17524,0,25,2.5359511,0,0,80,0
17572,0,23,4.0033512,0,1,210,0
17616,0,23,2.7490478,0,1,150,0
17668,0,23,3.9913411,0,1,40,0
17714,0,29,2.8260889,1,1,40,1
17800,0,27,3.5358,0,0,50,0
17908,0,27,3.1488588,1,1,105,1
17918,0,29,2.3846402,1,0,80,1
17926,0,25,4.0380645,0,1,20,0
18148,0,22,5.0304408,0,0,40,0
18222,0,26,2.2578311,0,0,40,0
18346,0,27,3.5644066,0,1,220,0
18366,0,24,3.1403933,0,0,20,0
18380,0,27,3.22542,0,1,90,1
18454,0,25,3.7751811,0,1,100,1
18476,0,23,3.4859512,0,1,180,0
18502,0,26,2.3131669,0,1,210,1
18634,0,23,3.4158845,0,1,120,0
18650,0,25,3.3426323,0,1,120,0
18656,0,27,2.5086868,0,1,150,0
18776,0,22,4.1839623,0,1,60,0
18786,0,27,2.2973602,0,1,90,1
19012,0,27,1.8491844,1,1,90,1
19018,0,23,4.1665401,0,0,120,0
19028,0,23,3.5295444,0,1,120,0
19136,0,21,3.5800178,0,0,35,0
19140,0,23,3.1589513,0,1,30,0
19142,0,21,3.548409,0,0,20,0
19144,0,20,3.8351867,0,1,30,0
19146,0,21,3.3134155,0,1,80,0
19186,0,20,3.4463911,0,1,90,0
19260,0,22,2.7414956,0,0,2.7,0
19266,0,22,4.0709419,0,1,65,0
19268,0,23,3.9852912,0,0,100,0
19296,0,25,3.8101943,0,0,105,1
19344,0,26,3.9038167,0,0,160,0
19544,0,25,3.3879843,0,0,90,0
19558,0,26,3.7050955,0,1,40,0
19576,0,23,3.4961178,0,1,70,0
19684,0,22,2.7337523,0,1,180,0
19712,0,21,3.0223567,0,0,30,0
20260,0,23,4.6721969,0,0,40,0
20356,0,24,3.134609,0,0,40,0
20386,0,26,2.953568,0,1,70,1
20536,0,26,3.7286656,0,1,60,0
20568,0,23,3.8858354,0,0,30,0
20708,0,21,3.0945213,0,0,60,0
20790,0,25,4.0563588,0,0,40,0
20804,0,26,3.2056422,0,0,40,0
20994,0,24,3.9896567,0,1,180,0
21014,0,24,3.7158668,0,1,30,0
21060,0,24,3.2551234,0,1,20,0
21068,0,25,3.7650187,0,1,60,0
21126,0,25,2.4348133,0,1,120,0
21138,0,25,2.7632489,0,1,120,0
21142,0,25,3.663141,0,1,130,1
21286,0,25,2.6855145,0,0,30,0
21312,0,24,3.2305489,0,0,40,0
21454,0,22,3.5118167,0,0,120,0
21472,0,24,2.5875034,0,1,70,0
21474,0,25,2.7566977,0,1,100,0
21478,0,27,3.4119534,0,0,130,0
21492,0,27,3.2355423,0,0,40,0
21592,0,22,3.5140011,0,0,30,0
21610,0,20,3.4877989,0,1,140,0
21614,0,25,2.9098122,0,1,110,0
21622,0,25,3.3491721,0,1,30,1
21670,0,28,3.2536354,0,1,90,0
21696,0,25,4.9885721,0,1,60,0
21704,0,23,3.079479,0,0,50,0
21746,0,21,2.8369355,0,1,90,0
21990,0,26,2.6234801,0,1,60,0
21996,0,26,3.2235112,0,0,120,0
22080,0,24,3.5719011,0,0,60,0
22082,0,22,3.5133724,0,0,60,0
22130,0,25,2.5165932,0,1,80,0
22132,0,25,4.4988065,0,1,20,0
22136,0,21,3.0249944,0,1,40,0
22140,0,25,3.8671577,0,1,40,1
22190,0,22,3.3493822,0,0,60,0
22218,0,21,3.4206634,0,1,30,0
22230,0,20,3.1743488,0,0,30,0
22260,0,22,2.6297543,0,0,20,0
22266,0,21,3.9789944,0,0,60,0
22290,0,26,2.72949,1,1,80,1
22318,0,22,3.1374056,0,0,50,0
22324,0,21,3.5810654,0,0,60,0
22336,0,21,4.0701566,0,0,25,0
22340,0,20,2.8807321,0,0,45,0
22426,0,22,3.0261011,0,1,50,0
22428,0,21,2.5083845,0,0,60,0
22456,0,21,3.5803354,0,1,60,0
22500,0,21,3.397541,0,0,60,0
22706,0,26,3.2608311,0,1,60,1
22720,0,22,3.6249466,0,0,90,0
22864,0,21,2.5618279,0,0,40,0
22878,0,27,2.5484579,0,1,120,0
22888,0,28,2.702172,0,1,180,0
23046,0,22,2.7214289,0,0,40,0
23050,0,21,3.1027713,0,0,40,0
23066,0,27,3.0804055,0,1,90,1
23084,0,21,2.8742557,0,0,60,0
23088,0,20,3.7588732,0,0,30,0
23096,0,21,3.1757178,0,0,35,0
23150,0,23,3.4969122,0,0,40,0
23172,0,20,2.76301,0,0,45,0
23374,0,23,3.4031124,0,0,20,0
23380,0,20,2.8368402,0,0,60,0
23400,0,22,4.6049948,0,0,30,0
23410,0,21,3.5458078,0,1,40,0
23438,0,20,4.3959155,0,0,40,0
23480,0,24,2.9802465,0,0,30,0
23516,0,24,3.3576355,0,1,60,0
23604,0,23,5.4443502,0,0,150,0
23676,0,21,3.16377,0,0,30,0
23686,0,20,2.8571634,0,1,180,0
23742,0,21,2.5448833,0,1,240,0
23792,0,21,2.8915479,0,0,130,0
23928,0,21,2.9202135,0,1,40,0
23934,0,20,3.4087012,0,0,65,0
23950,0,24,2.9984467,1,1,120,1
23982,0,21,3.3095632,0,0,50,0
24066,0,26,3.6637111,0,0,60,0
24070,0,24,3.0301745,0,0,60,0
24076,0,24,3.8333433,0,1,20,0
24110,0,25,3.6679611,0,1,20,0
24162,0,25,2.9205401,0,0,60,0
24322,0,23,3.5393789,0,1,30,0
24324,0,23,2.5267766,0,1,35,0
24328,0,24,3.0627234,0,1,40,0
24340,0,23,3.5642712,0,1,40,0
24530,0,25,4.3066864,0,0,33,0
24598,0,24,4.4733825,0,0,30,0
24606,0,21,4.6458611,0,1,40,0
24828,0,21,2.7225854,0,0,25,0
24968,0,20,3.1361432,0,0,40,0
25072,0,23,2.9120088,0,0,20,0
25074,0,21,3.7054734,0,1,30,0
25084,0,24,2.0531211,0,1,90,0
25086,0,24,1.9326589,0,1,80,0
25094,0,25,3.0681798,0,1,140,0
25326,0,27,3.0966346,0,1,5,1
25334,0,23,3.3170657,0,0,40,0
25342,0,26,2.7874212,0,0,180,0
25524,0,26,3.8020689,0,0,20,0
25526,0,29,4.2403712,0,0,50,0
25560,0,22,3.0283911,0,0,20,0
25612,0,21,2.5250502,0,0,30,0
25616,0,23,2.573849,0,1,30,0
25618,0,25,4.0457158,0,0,20,0
25620,0,23,2.8754656,0,1,90,0
25622,0,20,2.8584857,0,1,80,0
25826,0,20,3.2321477,0,0,30,0
25830,0,19,3.6076546,0,0,30,0
25872,0,20,3.5170422,0,0,35,0
25876,0,20,4.3397822,0,1,80,0
25926,0,22,3.3110511,0,0,40,0
25976,0,22,3.309551,1,0,40,1
26144,0,24,5.0663657,0,1,30,0
26198,0,22,3.2865422,0,0,30,0
26200,0,20,3.2126355,0,0,40,0
26202,0,19,3.1471798,0,0,50,0
26208,0,20,3.6915932,0,0,40,0
26226,0,19,3.1089356,0,0,60,0
26236,0,20,2.8887911,0,0,40,0
26238,0,20,3.6731389,0,0,30,0
26242,0,20,3.197969,0,0,35,0
26248,0,20,3.7751455,0,0,40,0
26262,0,20,4.4634914,0,0,30,0
26270,0,22,3.2465155,0,0,36,0
26278,0,20,2.9617057,0,0,40,0
26284,0,20,3.1350701,0,0,25,0
26286,0,20,3.1599944,0,0,30,0
26292,0,19,3.6421499,0,0,40,0
26352,0,20,2.8953266,0,0,30,0
26388,0,23,4.3880033,0,0,50,0
26634,0,26,2.8049321,0,1,60,0
26896,0,22,4.9019079,0,0,30,0
26906,0,24,3.2975867,0,1,40,0
26934,0,24,3.4246302,0,1,120,0
26944,0,24,3.3517056,0,0,60,0
26948,0,23,3.284308,0,0,12,0
26956,0,23,3.4564812,0,0,120,0
26982,0,24,2.9843311,0,0,40,0
27044,0,23,2.8324389,0,0,30,0
27076,0,24,3.877239,0,0,35,0
27180,0,23,3.6185167,0,1,80,1
27232,0,25,3.0338612,0,0,100,0
27234,0,24,3.5235732,0,1,60,0
27336,0,21,3.0230489,0,0,50,0
27344,0,27,3.0930235,0,0,40,0
27364,0,24,3.4228323,0,0,60,0
27382,0,24,2.719209,0,0,40,0
27540,0,27,3.0060413,0,1,90,0
27544,0,23,4.0312033,0,0,80,0
27726,0,24,3.41469,0,0,40,0
27762,0,24,3.0689321,0,0,30,0
27764,0,25,3.1251032,0,0,40,0
27772,0,24,3.3379233,0,1,100,0
27824,0,25,2.4968133,0,0,60,0
27844,0,25,4.1549602,0,1,30,0
27882,0,20,3.2835288,0,0,40,0
27916,0,21,3.397579,0,0,30,0
27924,0,24,3.6947865,0,0,60,0
28162,0,25,2.8748934,0,1,20,1
28164,0,22,3.4205945,0,0,50,0
28202,0,23,3.9591124,0,0,40,0
28204,0,22,2.4714944,0,1,180,0
28400,0,23,3.316999,0,0,50,0
28402,0,23,3.5548458,0,1,20,0
28484,0,23,2.09901,1,1,120,1
28528,0,27,4.6637621,1,1,30,1
28552,0,20,3.9057133,0,0,35,0
28554,0,19,3.3641467,0,0,35,0
28556,0,24,3.2176633,0,0,120,0
28560,0,20,2.9997089,0,1,160,0
28572,0,21,3.8881876,0,0,24,0
28646,0,22,3.2593431,0,0,30,0
28656,0,23,2.2167034,0,1,120,1
28666,0,23,2.5683868,0,0,40,0
28676,0,23,3.1139877,0,0,20,0
28700,0,22,2.9848545,0,1,20,0
28756,0,23,3.3685501,0,0,40,0
28786,0,25,3.2803476,0,0,30,0
28796,0,24,4.4402142,0,0,40,0
28802,0,24,3.8384387,0,0,35,0
28950,0,22,4.0693069,0,0,30,0
28956,0,21,2.7902412,0,0,30,0
28990,0,20,4.2553997,0,0,40,0
29010,0,22,2.4783833,0,0,120,1
29012,0,20,1.2744288,0,1,40,0
29014,0,21,2.9242265,0,0,60,0
29024,0,26,2.5902634,0,1,160,0
29030,0,28,2.4293523,0,1,180,0
29032,0,23,2.6952755,0,1,120,0
29192,0,29,3.8379033,0,1,120,0
29218,0,24,3.4329321,0,1,30,0
29226,0,24,3.5465789,0,0,30,0
29230,0,24,3.4854589,0,1,70,0
29232,0,22,3.6738088,0,0,60,0
29234,0,21,2.6662688,0,0,40,0
29240,0,25,2.5492635,0,1,170,0
29250,0,23,3.3382566,0,0,104,0
29254,0,23,2.983391,0,0,50,0
29256,0,24,3.0030389,0,0,60,0
29550,0,21,2.3769021,0,0,30,0
29558,0,25,3.9397457,0,1,80,1
29564,0,22,3.268261,0,0,80,0
29594,0,23,3.6993778,0,1,120,0
29622,0,22,3.0297511,0,0,40,0
29626,0,23,3.5540123,0,1,40,0
29734,0,21,4.4828634,0,0,30,0
29746,0,23,2.9760733,0,1,40,0
29750,0,22,2.7162199,0,1,40,0
29770,0,24,4.3264756,0,1,35,0
29790,0,22,2.5431232,0,1,120,0
29808,0,25,3.0939734,1,1,32,1
29838,0,26,3.9435601,1,1,60,1
29964,0,26,2.4840245,1,1,160,1
30002,0,26,3.3996856,0,1,200,0
30092,0,21,3.4670389,0,0,60,0
30206,0,23,3.0371256,0,1,30,0
30214,0,26,2.7474189,0,1,40,1
30216,0,25,3.018311,0,1,30,1
30220,0,22,3.3741033,0,1,24,0
30234,0,24,3.0052035,0,0,27,0
30240,0,23,2.665659,0,0,60,0
30244,0,22,2.7403345,0,0,20,0
30262,0,25,3.5217209,0,1,40,0
30276,0,21,3.1930234,0,1,120,0
30366,0,22,2.8957765,0,0,30,0
30378,0,21,2.4742501,0,0,40,0
30392,0,22,2.8980632,0,0,60,0
30398,0,26,2.4336476,0,1,30,0
30410,0,23,2.8438201,0,0,60,0
30436,0,23,2.6997821,0,0,120,0
30440,0,23,4.0129824,0,0,40,0
30448,0,23,3.5930345,0,1,60,0
30460,0,25,3.270689,0,0,40,0
30470,0,22,2.7839835,0,0,60,0
30634,0,23,3.2355044,0,1,30,0
30858,0,26,3.7772722,0,1,30,0
30998,0,23,3.023452,0,1,130,0
31014,0,24,1.9349999,0,0,120,0
31114,0,28,2.56603,0,1,90,0
31150,0,23,2.5736222,0,1,60,0
31206,0,22,2.49878,0,1,180,0
31238,0,25,2.8582709,0,0,60,0
31436,0,20,2.6830223,0,0,40,0
31886,0,24,2.76421,0,0,20,0
31894,0,25,2.6331034,0,1,60,0
31922,0,26,2.7839034,0,1,35,0
32004,0,22,3.53777,0,0,80,0
32320,0,22,4.5784731,0,1,60,0
32722,0,22,2.6374743,0,1,80,0
32728,0,19,2.8803453,0,0,30,0
32804,0,23,2.4055622,0,1,75,0
33094,0,23,3.1238844,0,1,45,0
33136,0,23,3.5382211,0,0,35,0
33352,0,20,1.8107578,0,1,120,0
33366,0,25,3.2333767,0,1,40,0
33406,0,28,2.5894167,0,1,60,0
33410,0,25,2.6481922,1,1,14,1
33634,0,22,4.146771,0,1,60,0
33664,0,19,3.6367931,0,0,60,0
33874,0,22,2.8625379,0,1,24,0
33982,0,22,3.7792344,0,0,20,0
34110,0,29,2.5770199,1,1,50,1
34396,0,24,3.7040522,0,1,40,0
34526,0,27,2.3073802,1,1,180,1
34542,0,21,3.2561066,0,0,30,0
34890,0,24,2.2445667,0,1,200,0
34956,0,23,2.1504068,0,1,16,0
35006,0,23,2.41485,0,1,10,1
35144,0,20,3.5906289,0,0,60,0
35408,0,27,3.5163388,1,1,180,1
35760,0,24,3.7003267,0,1,2.5999999,1
35822,0,27,3.5905633,0,1,120,0
36060,0,24,2.2917278,0,1,35,0
36318,0,26,3.2498155,0,1,120,0
36494,0,23,2.1946733,0,1,40,0
36528,0,28,2.1318212,1,1,140,1
36676,0,21,2.6353345,0,0,135,0
37276,0,22,3.0966489,0,1,90,0
37296,0,29,2.5851912,0,1,80,0
37350,0,22,2.8080456,0,0,90,0
37358,0,23,1.9356611,0,1,60,0
37588,0,23,2.7753832,0,0,90,0
37618,0,23,2.6357243,0,0,50,0
37790,0,23,2.3680079,0,0,50,0
37796,0,22,2.1919377,0,0,30,0
37800,0,21,2.51531,0,0,30,0
37804,0,21,2.4997599,0,1,120,0
37808,0,19,2.8858011,0,0,20,0
37824,0,19,2.687099,0,1,20,0
37832,0,25,3.028671,0,0,50,0
37834,0,19,3.0439134,0,0,30,0
37836,0,21,2.3035901,0,0,210,0
37840,0,18,1.98746,0,1,30,0
38008,0,24,4.0597401,0,1,180,0
38010,0,22,2.8836322,0,0,2,0
38022,0,18,1.9928434,0,1,20,0
38024,0,25,2.6940653,0,1,40,0
38026,0,28,2.8192687,0,0,120,0
38030,0,27,2.2042091,0,1,240,0
38034,0,19,1.8545834,0,1,40,0
38036,0,18,1.9276143,0,1,120,0
38044,0,19,2.0092111,0,0,165,0
38048,0,19,2.4725711,0,0,120,0
38050,0,23,3.8327944,0,0,200,0
38052,0,18,2.0711598,0,1,90,0
38068,0,18,2.1992757,0,0,160,0
38074,0,27,2.3509421,1,1,140,1
38076,0,23,3.7066898,0,1,60,0
38078,0,18,2.1222112,0,1,120,0
38274,0,21,2.5270109,0,1,80,0
38276,0,20,2.4789491,0,0,25,0
38300,0,20,2.8186612,0,0,35,0
38302,0,22,2.4542255,0,0,30,0
38320,0,20,2.593081,0,0,40,0
38326,0,22,2.9208155,0,0,40,0
38552,0,23,3.5765367,0,1,30,0
38592,0,23,2.6633444,0,1,60,0
38714,0,21,2.7004857,0,0,45,0
38716,0,23,2.5683677,0,0,20,0
38718,0,21,2.4642091,0,0,40,0
38726,0,21,2.6812811,0,0,50,0
38728,0,20,2.5049443,0,0,30,0
38730,0,21,2.5032923,0,1,30,0
38732,0,21,2.507771,0,0,40,0
38736,0,22,2.534219,0,0,50,0
38738,0,21,2.7872367,0,0,50,0
38742,0,21,2.5002377,0,1,60,0
38760,0,20,2.6375744,0,0,40,0
38762,0,21,2.9764121,0,0,60,0
38768,0,20,2.5964656,0,0,20,0
38772,0,21,2.625809,0,0,30,0
38836,0,21,2.4412134,0,0,30,0
38840,0,21,2.555459,0,0,30,0
38842,0,19,2.0195177,0,1,140,0
38848,0,21,2.5965521,0,0,35,0
38850,0,21,2.7639146,0,0,30,0
38854,0,24,2.4937277,0,0,24,0
38862,0,19,2.0092523,0,1,20,0
38868,0,22,2.5090065,0,1,93,0
38870,0,22,2.4790301,0,1,40,0
38874,0,19,1.9677378,0,1,240,0
38888,0,19,2.2233968,0,1,240,0
38892,0,21,2.4173367,0,0,30,0
38896,0,18,2.0856776,0,1,20,0
39048,0,22,2.6040044,0,1,50,0
39078,0,21,3.6236777,0,1,41,0
39086,0,28,2.7991424,0,0,180,0
39088,0,19,2.0711377,0,1,140,0
39094,0,22,2.432162,0,1,60,0
39096,0,25,2.4575953,0,1,200,0
39098,0,22,2.4851246,0,1,90,0
39110,0,20,2.3530378,0,0,24,0
39112,0,18,2.1679168,0,1,120,0
39114,0,20,2.340101,0,0,60,0
39116,0,18,2.3208389,0,1,90,0
39122,0,19,2.4148467,0,0,30,0
39128,0,19,2.2685077,0,0,40,0
39136,0,18,2.141531,0,1,300,0
39150,0,25,2.8164222,0,0,30,0
39158,0,19,2.1642709,0,1,60,0
39162,0,18,2.0359499,0,0,100,0
39404,0,20,2.1452565,0,0,20,0
39420,0,18,2.2929022,0,0,30,0
39428,0,22,2.4581232,0,0,40,0
39430,0,22,2.5638165,0,1,150,0
39440,0,21,2.3147888,0,0,35,0
39450,0,19,2.2553678,0,0,30,0
39454,0,18,2.1452613,0,0,40,0
39456,0,18,2.1758311,0,0,20,0
39472,0,19,2.0287876,0,1,40,0
39474,0,20,2.31599,0,0,30,0
39478,0,22,2.4869344,0,1,140,0
39488,0,23,2.8869355,0,0,16,0
39500,0,24,2.4607244,0,1,110,0
39502,0,19,2.1813598,0,1,180,0
39516,0,23,2.7643232,0,1,90,0
39518,0,24,2.6246023,0,0,100,0
39524,0,21,2.1915989,0,1,20,0
39526,0,21,2.5173833,0,0,120,0
39528,0,20,1.8804911,0,0,100,0
39530,0,21,2.7322366,0,1,180,0
39534,0,28,4.0735111,0,1,30,1
39540,0,20,3.392601,0,1,180,0
39584,0,23,2.6117656,0,0,30,0
39596,0,21,2.5444555,0,0,40,0
39598,0,22,2.4739511,0,0,20,0
39600,0,24,2.2805846,0,0,30,0
39606,0,21,2.5622199,0,0,50,0
39614,0,21,2.5674856,0,0,30,0
39624,0,20,2.9942312,0,0,60,0
39626,0,21,2.5800779,0,1,35,0
39628,0,21,2.4942834,0,0,14,0
39642,0,22,2.4048898,0,0,30,0
39648,0,21,2.3734176,0,1,20,0
39654,0,22,2.5910888,0,0,10,0
39658,0,20,2.5237601,0,0,30,0
39660,0,20,2.43363,0,1,20,0
39664,0,20,2.6791098,0,1,22,0
39666,0,20,2.6013832,0,0,20,0
39752,0,24,3.3266854,0,0,100,0
39754,0,21,2.9838223,0,1,40,0
39778,0,22,2.9864833,0,0,40,0
39794,0,21,3.0780644,0,0,40,0
39798,0,18,1.9838089,0,1,30,0
39938,0,23,2.7840788,0,1,60,0
39942,0,28,2.2076132,1,1,100,1
39948,0,23,2.6449299,0,0,30,0
39954,0,24,2.6786146,0,0,60,1
39966,0,25,2.6237688,0,0,45,1
39972,0,23,2.5542045,0,1,40,0
39994,0,20,2.9200311,0,1,60,0
40000,0,23,2.3360267,0,0,60,0
40002,0,20,2.7420344,0,1,30,0
40008,0,20,2.6680057,0,1,120,0
40018,0,22,2.4765911,0,1,120,0
40034,0,19,2.4618301,0,1,300,0
40044,0,23,2.3107138,0,1,180,0
40062,0,23,2.2496743,0,1,170,1
40068,0,22,2.2646167,0,1,65,0
40076,0,24,2.0681224,0,1,140,0
40078,0,22,2.84038,0,1,30,0
40156,0,19,2.5676298,0,1,20,0
40174,0,28,2.4065824,1,1,30,1
40178,0,23,2.4487643,0,1,80,0
40182,0,21,2.0804245,0,0,40,0
40188,0,20,2.4512856,0,0,30,0
40216,0,24,3.134959,0,0,30,0
40312,0,23,2.4896567,0,1,20,0
40318,0,23,2.6573532,0,1,60,0
40334,0,23,3.0268366,0,1,200,0
40342,0,23,2.5596123,0,0,120,0
40344,0,22,2.0979366,0,1,120,1
40346,0,22,2.3013978,0,1,120,0
40352,0,23,2.51021,0,0,50,0
41082,0,18,2.5007055,0,0,35,0
41100,0,23,2.6378334,0,1,140,0
41116,0,23,2.7402666,0,0,150,0
41128,0,22,2.4057565,0,1,120,0
41140,0,29,2.4869277,0,1,90,1
41142,0,24,2.5200422,0,0,90,0
41156,0,20,2.4484098,0,1,60,0
41274,0,21,2.30598,0,1,60,0
41278,0,24,2.3615975,0,1,20,0
41296,0,18,2.4690301,0,0,40,0
41298,0,25,2.215189,0,1,90,0
41304,0,22,2.3107343,0,1,2,0
41306,0,20,2.3874621,0,0,30,0
41308,0,24,2.4447365,0,0,30,1
41316,0,20,2.4150779,0,0,30,0
41320,0,22,2.0357277,0,1,160,0
41332,0,22,2.2184744,0,1,70,0
41334,0,23,2.3744655,0,1,120,0
41340,0,25,2.0534735,0,1,60,1
41344,0,24,2.2516668,0,1,40,0
41736,0,22,2.2245467,0,0,40,0
41754,0,22,1.9151045,0,0,50,0
41780,0,23,2.2691445,0,0,47,0
41812,0,23,2.3839755,0,0,32,0
41814,0,22,2.0923011,0,0,30,0
41846,0,21,2.2940457,0,0,20,0
42096,0,23,1.9338323,0,1,60,0
42098,0,21,2.1436677,0,1,20,0
42104,0,21,2.0368733,0,1,20,0
42110,0,23,2.3355234,0,1,60,0
42112,0,22,2.2019689,0,1,60,0
42120,0,20,2.1931677,0,0,40,0
42136,0,21,2.3101499,0,1,60,0
42314,0,24,1.7768145,0,0,20,0
42350,0,27,2.1230488,0,1,90,1
42578,0,22,2.3495045,0,0,20,0
42584,0,21,2.4338334,0,1,25,0
42590,0,22,2.4269979,0,1,90,0
42594,0,20,2.0382111,0,1,90,0
42614,0,20,2.1441312,0,1,60,0
42618,0,22,2.4991667,0,1,30,0
42626,0,22,2.1080043,0,0,40,0
42634,0,20,2.3890445,0,1,20,0
42682,0,22,2.2165678,0,1,240,1
43254,0,21,2.0256157,0,1,120,0
43266,0,20,2.4405427,0,0,40,0
43272,0,20,2.5328286,0,0,20,0
43280,0,22,2.16099,0,1,20,0
43282,0,23,2.2363343,0,1,65,0
43288,0,21,2.3061087,0,1,105,0
43304,0,22,1.8463442,0,0,25,0
43310,0,22,2.5656571,0,0,30,0
43502,0,23,2.4590571,0,0,25,0
43514,0,23,2.4673429,0,1,80,0
43518,0,24,2.4029028,0,0,180,0
43520,0,23,1.6894429,0,1,80,0
43524,0,24,2.34497,0,1,140,0
43526,0,24,2.0019844,0,0,220,0
43528,0,22,2.0830257,0,1,120,0
43530,0,21,2.2051158,0,0,80,0
43532,0,18,2.4022157,0,0,20,0
43538,0,27,2.2302721,1,1,90,1
43542,0,28,1.9261174,1,1,30,1
43556,0,26,2.3313868,0,1,40,1
43564,0,29,2.1736722,1,1,30,1
43568,0,22,2.065238,0,1,30,0
43928,0,22,2.0455067,0,1,20,0
43932,0,22,2.0495067,0,0,20,0
43946,0,24,2.2705519,0,1,120,0
43952,0,24,2.2289779,0,1,140,0
44236,0,22,1.7560683,0,1,90,0
44238,0,24,2.4825802,0,1,30,0
44248,0,22,2.193135,0,0,3,0
44250,0,19,1.6848617,0,0,60,0
44254,0,24,1.7204667,0,1,60,1
44256,0,21,1.8639133,0,1,120,0
44276,0,21,1.8383517,0,1,60,0
44278,0,20,1.7550284,0,0,20,0
44280,0,24,1.9355867,0,0,110,0
44286,0,22,1.7338101,0,0,95,0
44288,0,23,1.8778965,0,0,40,0
44398,0,22,1.7807182,0,1,120,0
44400,0,28,2.0650983,1,1,40,1
44412,0,18,1.2351917,0,1,180,0
44414,0,22,1.8320867,0,0,120,0
44794,0,23,2.4931734,0,1,40,0
44808,0,22,2.4890897,0,0,120,0
45206,0,25,1.4830899,0,1,180,0
45230,0,22,1.601506,0,1,120,0
45232,0,18,1.467738,0,0,60,0
45240,0,20,1.352266,0,0,40,0
45270,0,21,1.4796121,0,0,20,0
45730,0,22,1.7010175,0,0,100,0
45732,0,21,1.6412076,0,0,90,0
45734,0,21,1.2982326,0,0,90,0
45746,0,23,1.7275676,0,0,60,0
45750,0,22,1.6346575,0,1,140,1
45758,0,20,1.7030776,0,1,10,0
45760,0,22,1.67313,0,1,60,0
45764,0,28,1.71726,0,1,60,0
45772,0,21,1.648035,0,0,80,0
45778,0,25,1.7218449,0,0,120,0
45780,0,21,1.6482249,0,1,30,0
45784,0,23,1.6972851,0,1,70,0
45786,0,19,1.4980575,0,0,43,0
45790,0,20,1.514765,0,0,25,0
45834,0,20,1.3220274,0,0,80,0
45856,0,22,1.3680625,0,1,80,0
45862,0,18,1.230625,0,1,180,0
46004,0,24,2.1138501,0,1,6,0
46006,0,25,1.86586,0,1,60,1
46008,0,22,1.8390501,0,0,50,0
46010,0,25,1.328755,0,0,30,0
46016,0,19,1.4504375,0,1,30,0
46018,0,17,1.20444,0,0,30,0
46022,0,17,1.21079,0,0,30,0
46026,0,19,1.442155,0,1,60,0
46034,0,17,1.255515,0,1,50,0
46036,0,20,1.3746525,0,1,30,0
46044,0,21,1.6189051,0,0,70,0
46046,0,22,1.344785,0,1,65,0
46050,0,19,1.4123526,0,0,30,0
46058,0,22,1.401275,0,0,40,0
46060,0,20,1.4131875,0,1,80,0
46066,0,17,1.253765,0,1,50,0
46070,0,24,1.3811799,0,1,150,0
46074,0,22,1.3831799,0,1,60,0
46476,0,19,1.62701,0,1,90,0
46478,0,18,1.3734667,0,1,25,0
46494,0,18,1.4149433,0,1,24,0
46502,0,19,1.3734667,0,1,40,0
46510,0,17,1.3684666,0,0,60,0
46536,0,20,1.4504499,0,0,36,0
46538,0,19,1.4036967,0,0,40,0
46540,0,18,1.3841,0,0,40,0
46542,0,18,1.375,0,0,30,0
46546,0,22,1.5264367,0,1,120,0
46632,0,18,1.6285033,0,1,120,0
46638,0,27,1.62655,1,0,180,1
46642,0,21,2.0104599,0,0,40,0
46644,0,23,2.5977399,0,0,80,0
46650,0,24,2.0237932,0,0,90,0
47184,0,26,3.335,0,1,110,0
47186,0,19,1.36,0,0,60,0
47188,0,17,1.36,0,0,40,0
47194,0,17,1.36,0,1,40,0
47198,0,22,1.5599999,0,0,60,0
47200,0,21,1.5525,0,0,30,0
47216,0,20,1.5525,0,0,40,0
47240,0,17,1.36,0,0,20,0
47254,0,24,1.5599999,0,0,20,0
47268,0,21,1.603705,0,1,60,0
47270,0,19,1.483705,0,0,120,0
47272,0,23,1.989655,0,0,20,0
47274,0,24,1.989655,0,1,40,0
47276,0,23,1.989655,0,1,40,0
47278,0,28,1.645515,0,1,100,0
47280,0,19,1.6173249,0,0,50,0
47282,0,26,2.00103,0,1,140,0
47284,0,20,1.650085,0,1,120,0
47286,0,19,1.530255,0,0,120,0
47288,0,19,1.6417199,0,0,110,0
47294,0,20,1.485255,0,1,90,0
47296,0,20,1.49172,0,1,150,0
47304,0,25,1.5071551,0,0,40,0
47310,0,20,1.45077,0,1,180,0
47312,0,22,1.49422,0,1,120,0
47314,0,18,1.2992251,0,1,60,0
47322,0,20,1.2971851,0,1,30,0
47324,0,22,1.4287051,0,0,140,0
47328,0,22,1.3052551,0,1,30,0
47330,0,23,1.485255,0,0,40,0
47534,0,23,1.248795,0,1,180,0
47552,0,21,1.238795,0,1,140,0
47648,0,20,1.216895,0,1,120,0
47650,0,19,1.725,0,1,60,0
47652,0,21,1.6849999,0,1,90,0
48028,0,26,1.34034,0,0,40,0
48032,0,29,1.3103399,0,1,60,0
48036,0,18,1.24137,0,0,170,0
48040,0,23,1.34034,0,1,90,0
48042,0,21,1.34034,0,1,90,0
48046,0,26,1.27586,1,1,180,1
48054,0,23,1.3103399,0,1,90,0
48056,0,21,1.34034,0,0,110,0
48058,0,20,1.3103399,0,1,55,0
48060,0,22,1.3103399,0,0,120,0
48066,0,22,1.34034,0,0,120,0
48068,0,22,1.3103399,0,1,220,0
48072,0,21,1.3103399,0,1,180,0
48074,0,23,1.24137,0,0,150,0
48076,0,19,1.3103399,0,0,20,0
48078,0,23,1.34034,0,1,4,0
48080,0,22,1.24137,0,1,30,0
48088,0,20,1.3103399,0,1,120,0
48094,0,21,1.3103399,0,1,190,0
48096,0,23,1.3103399,0,1,90,0
48100,0,21,1.3103399,0,1,90,0
48120,0,25,.99052,0,1,60,1
48122,0,20,1.2665501,0,1,40,0
48124,0,23,1.0505201,0,1,50,0
48130,0,21,1.19742,0,1,120,0
48138,0,26,1.12552,0,0,40,0
48372,0,24,.62068999,0,1,50,0
48378,0,18,.62068999,0,1,160,0
48382,0,22,.62068999,0,0,80,0
48386,0,18,.53793001,0,1,120,0
