personid,treatment,age,basewage,costofcommute,children,bedroom,married,performance
3906,1,33,1883.3334,8,1,1,1,.64179403
4122,1,30,1700,18,0,0,0,1.2261602
4448,0,35,1750,10,1,1,1,.88396758
4942,1,27,1900,20,0,1,1,-.046858266
5018,1,29,2138.8889,15,1,1,1,-.49945125
5614,1,32,1700,0,0,1,1,.82781011
6278,0,32,1700,12,1,1,1,.1480685
6362,0,29,1850,12,1,1,1,-.51702577
6364,0,26,1900,12,1,1,1,.074061453
7068,0,28,1950,0,0,1,1,-.98562783
7076,0,30,2100,0,1,1,1,.62777239
7488,1,25,1800,18,0,1,0,1.882082
7720,0,25,1750,9,0,1,0,-.29422498
8522,0,30,1733.3334,6,1,1,1,.34046921
8834,0,22,1750,0,0,0,0,1.3573836
8854,1,22,1700,4,0,1,0,1.5155973
8980,1,25,1650,10,0,1,0,-1.1751825
9710,0,33,1783.3334,10,0,1,1,.20246828
10098,0,28,2350,12,1,1,1,-1.091758
10226,1,22,1650,0,0,0,0,.034917846
10356,1,27,1650,0,0,1,0,.49216989
10794,1,32,1750,5,1,1,1,1.7111198
10822,1,26,1600,4,0,1,1,1.9142358
11348,0,25,1600,8,1,1,1,-.85630554
11390,0,31,1700,25,0,1,1,.97241575
11868,1,30,1650,10,0,1,0,-.31741729
12306,0,24,1650,14,0,1,0,-.92978656
12426,0,30,1650,0,0,1,1,-3.6110408
12896,0,26,1700,10,0,1,1,.5502876
12974,1,22,1650,0,0,1,0,.78126776
13530,1,29,1600,9.090909,0,1,0,.21806438
13574,1,30,1700,10,1,1,1,3.1091616
13710,0,30,1650,5,1,1,1,.32645434
13980,0,28,1650,6,0,1,0,1.2178442
14048,1,28,1650,10,1,1,1,.65458018
14220,0,28,1633.3334,12,1,1,1,1.1182548
14374,0,28,1650,10,0,1,0,.16252299
14382,0,26,1666.6666,10,1,1,1,1.5066754
14384,0,32,1650,8,0,1,0,.56583947
14522,1,29,1600,0,0,1,0,-.72154099
14528,1,28,1600,25,1,1,1,1.2594616
14532,1,26,1650,10,0,1,0,.96713549
14556,0,26,1500,10,1,1,1,1.7589146
14678,1,26,1827.7778,4,0,1,1,.46996868
15294,1,25,1633.3334,4,0,1,0,1.672007
15444,0,27,1650,11.818182,0,1,1,.20252988
16334,0,30,1633.3334,25,1,1,1,-.54580933
16422,0,29,1600,10,1,1,1,-1.8098511
16424,0,22,1600,6,0,1,0,-.44597411
16514,1,28,1550,4,0,1,0,.42951626
16594,0,29,1550,20,1,1,1,.53578067
16596,1,34,1650,5,1,1,1,1.1374542
17058,0,23,1600,8,0,1,0,-.66336274
17160,0,27,1650,10,1,1,1,.67545295
17172,0,28,1600,12,0,1,0,-.60770214
17722,1,24,1650,0,0,1,0,-1.3708736
17752,1,25,1650,0,0,1,0,.7365135
17812,0,28,2566.6667,12,1,1,1,-.24381287
17906,1,27,1600,14,0,1,1,.62300158
18112,1,27,1650,8,0,1,0,.76687843
18494,0,31,1600,15,0,1,0,-.23899305
18502,0,26,1600,9,0,1,1,-.095293768
19470,0,25,1650,0,0,1,0,.93481666
19482,1,23,1850,12,0,1,0,-.94512039
19684,0,22,1600,14,0,1,0,-.50588667
21604,0,24,1600,16,0,1,0,.35466006
21648,0,26,1600,3.5,1,1,1,-.84184998
21654,1,29,1650,2,0,1,0,1.3789965
21710,1,30,1600,4,0,1,1,-.68091446
22022,0,22,1755.5555,4,0,1,0,-.6366632
22284,1,21,1600,0,1,1,1,.92764795
23126,0,23,1600,6,0,1,0,1.1105134
23136,1,22,1600,3,0,1,0,.055337131
23228,1,23,1616.6666,0,0,1,1,1.8395022
23622,1,25,1600,10,0,1,0,2.2953331
23742,0,21,1683.3334,8,0,1,0,-.68439811
23772,1,21,1600,0,0,1,0,.22440428
24142,1,29,1600,12,0,1,0,2.0793908
24146,0,24,1600,12,0,1,0,-1.1014558
24324,1,23,1600,25,0,1,0,-1.3723242
24608,1,34,1650,3,1,1,1,-.14255849
25056,0,23,1600,2,0,1,0,.0011520822
25258,0,26,1638.8889,4,0,1,0,.025192386
25520,1,24,1600,6,0,1,0,-.66624862
25532,1,25,1583.3334,12,0,1,0,-.16021964
25628,1,24,1583.3334,10,0,1,0,1.5457418
25638,1,26,1600,10,0,1,0,.12632662
25700,1,27,1638.8889,0,0,1,0,-.72586489
25864,0,20,1650,0,0,1,0,1.2878731
25940,1,24,1755.5555,10,0,1,1,-.6044541
25962,1,24,1600,4,1,1,1,-.13499658
26328,1,22,1566.6666,0,0,0,0,-1.0629823
26618,1,24,1600,0,0,1,0,-1.1323545
26634,0,26,1600,2,0,1,0,.22719371
26906,0,24,1755.5555,10,0,1,0,-1.2146844
26934,1,24,1600,6,0,1,0,1.2478228
27704,0,26,1500,4,0,1,0,.59435111
28190,0,25,1550,10,0,1,0,-.13101584
28224,0,27,1550,0,1,1,1,.20764127
28226,1,23,1550,15,0,1,0,-.82205254
28470,1,24,1550,30,0,1,0,.81086057
28484,0,23,1450,5,1,1,1,.36064559
28492,1,24,1600,0,0,1,0,-1.2006704
28560,0,20,1683.3334,10,0,1,0,-1.5457031
29024,0,26,1550,10,0,1,0,-1.4564029
29032,1,23,1550,9,0,1,0,-.76476145
29172,0,26,1566.6666,9,0,1,0,.93058336
29216,1,26,1683.3334,30,0,1,0,-.66170293
29230,1,24,1583.3334,0,0,1,0,-.22293851
29248,0,27,1550,10,1,1,1,-.86174196
29808,1,25,1600,2,1,1,1,.27870378
29996,0,23,1550,5,0,1,1,-.62256187
30002,0,26,1616.6666,12,0,1,0,-1.0808387
30006,1,24,1550,5,0,1,0,-.84012282
30014,1,30,1550,5,0,1,0,.30543894
30308,1,21,1583.3334,0,0,0,0,1.0127534
30448,1,23,1638.8889,30,0,1,0,-1.2565832
30972,1,27,1550,8,0,1,0,-.22002821
31136,0,23,1550,8,0,1,0,-.31900701
31150,0,23,1550,3,0,1,0,-.039109122
31230,1,24,1550,14,0,1,1,-.70317996
31292,1,27,1600,4,0,1,0,1.7433631
31796,1,24,1550,4,0,1,1,-.42526817
31888,0,27,1550,8,1,1,1,1.2483094
31936,1,25,1550,17.727272,0,1,0,.059401836
32320,0,22,1600,4,0,1,0,.28621194
32590,1,28,1550,8,0,1,0,-1.6228676
32804,0,23,1533.3334,8,0,1,0,-.39874014
33128,0,21,1550,10,0,1,0,.08518324
33278,0,20,1450,12,0,1,0,.098966524
33350,1,26,1533.3334,10,0,1,0,-.72023875
33354,0,21,1450,4,0,1,0,.39111841
33366,0,25,1550,0,0,1,0,-.45104361
34890,0,24,1500,10,0,1,0,-.51784891
35006,0,23,1500,0,0,1,1,-.21129912
35344,1,22,1550,5,0,1,0,1.3153875
35408,0,27,1550,10,1,1,1,.30201399
35822,0,27,1500,6,0,1,0,-.79267836
36032,1,22,1500,8,0,1,0,.45601919
36288,0,25,1500,0,0,1,0,.10248644
36306,1,26,1500,6,0,1,0,.18435608
36314,0,23,1500,4,0,1,0,1.0823263
36494,1,23,1500,6,0,1,0,-.64698672
36908,1,23,1500,8,0,1,0,.77965355
37276,0,22,1500,5,0,1,0,-1.0354679
37292,0,21,1450,10,0,1,0,.055152301
37294,1,20,1450,0,0,1,0,.88345623
37296,1,29,1483.3334,3,0,1,0,-.46949255
37784,1,19,1222.2222,2,0,1,0,.40617988
37798,0,21,1450,0,0,1,0,-.46584776
37804,1,21,1450,4,0,1,0,-1.179463
37812,0,26,1450,12,0,1,0,.22857553
37828,0,23,1538.8889,10,0,1,0,-.32404426
37840,1,18,1222.2222,0,0,1,0,-.15047552
38018,1,25,1450,4,0,1,0,-.72018814
38022,1,18,1222.2222,0,0,1,0,-.62242967
38028,1,21,1450,2,0,1,0,2.3771861
38036,0,18,1222.2222,10,0,1,0,-1.8912932
38038,1,35,1450,0,1,1,1,-.12561209
38040,1,22,1450,8,0,1,1,.4210439
38042,1,20,1222.2222,10,0,1,0,-.92952293
38046,0,21,1450,10,0,1,0,-.58588296
38052,1,18,1222.2222,10,0,1,0,.16909589
38070,1,18,1222.2222,10,0,1,0,-.8110202
38074,0,27,1450,12,1,1,1,-.39126271
38290,1,21,1450,6,0,1,0,.67713141
38552,0,23,1627.7778,4,0,1,0,-1.04397
38566,1,22,1450,30,0,1,1,1.1091726
38580,1,22,1450,4,0,1,0,1.4040687
38712,1,22,1450,4,0,1,0,.71866131
38842,0,19,1222.2222,10,0,1,0,-3.0656605
38862,0,19,1222.2222,0,0,1,0,-.41757271
38878,1,25,1450,12,0,1,0,1.3420334
38898,1,22,1450,0,0,1,0,.75475144
39096,1,25,1450,12,0,1,0,.307228
39144,0,18,1222.2222,4,0,1,0,.40129268
39164,0,19,1155.5555,8,0,1,0,.20491335
39458,0,21,1222.2222,10,0,1,0,.15091474
39466,0,19,1450,6,0,1,0,-.0025425646
39478,0,22,1450,10,0,1,0,-.48147887
39490,0,23,1450,10,0,1,0,.72864527
39502,0,19,1450,30,0,1,0,-.85853076
39512,1,19,1450,10,0,1,0,.53913838
39530,1,21,1450,24,0,1,0,-1.4498473
39548,1,26,1450,8,0,1,0,.29125169
39634,1,20,1450,0,0,1,0,1.8744136
39748,0,22,1450,0,1,1,1,.59229928
39942,1,28,1433.3334,55,1,1,1,.33489987
39990,1,24,1433.3334,5,0,1,0,-.16586035
40008,0,20,1450,10,0,1,0,.12162387
40034,0,19,1450,10,0,1,0,-.022642694
40062,1,23,1433.3334,12,0,1,1,.10391454
40076,0,24,1450,10,0,1,0,-1.6285411
40162,0,21,1450,6,0,1,0,.1631261
40164,1,22,1433.3334,10,0,1,0,-.040826455
40174,0,28,1450,2,1,1,1,-1.541096
40192,1,23,1450,12,0,1,0,.59721518
40316,1,25,1450,4,0,1,0,.90029079
40320,1,25,1433.3334,5,1,1,1,-1.2474999
40322,1,24,1450,2,0,1,0,.29514661
40328,1,22,1450,5,0,1,0,.41394955
40334,0,23,1433.3334,20,0,1,0,1.0575693
40336,0,25,1433.3334,6,0,1,0,-.75696838
40346,0,22,1433.3334,4.5454545,0,1,0,-1.6099892
40444,1,34,1522.2222,4,1,1,1,1.1856877
40456,0,23,1433.3334,12,0,1,0,.48175615
40472,1,25,1450,4,0,1,0,1.2240807
40490,1,21,1450,10,0,1,0,.12724763
41286,1,23,1466.6666,10,0,1,0,-.0078030457
41318,1,22,1466.6666,10,0,1,0,.26210585
41320,1,22,1411.1111,10,0,1,0,-.50418407
41332,0,22,1422.2222,6,0,1,0,-1.7663691
41818,1,23,1422.2222,0,0,1,0,-.27217016
42096,0,23,1411.1111,8,0,1,0,-2.4596357
42104,1,21,1411.1111,0,0,1,0,-.3578932
42108,1,23,1411.1111,12,0,1,0,.85258895
42140,0,25,1466.6666,15,1,1,1,1.5310817
42146,0,21,1411.1111,4,0,1,0,.29832515
42152,0,25,1411.1111,20,0,1,0,.39532638
42308,1,23,1411.1111,12,0,1,1,-.47846001
42592,1,23,1466.6666,8,0,1,0,.0076075927
42618,1,22,1466.6666,2,0,1,0,-1.0966731
42624,1,23,1466.6666,10,0,1,0,1.1581936
42628,1,22,1466.6666,10,0,1,0,.22891776
42632,0,21,1466.6666,12,0,1,0,.085021496
42634,0,20,1466.6666,0,0,1,0,-.77575409
42682,0,22,1466.6666,16,0,1,1,-3.5905511
43258,0,22,1457.1428,8,0,1,0,-.54292315
43264,1,22,1300,12,0,1,0,-.66608548
43270,1,25,1457.1428,16,0,1,0,-1.0929711
43278,1,23,1457.1428,10,0,1,0,.14310321
43286,1,20,1457.1428,5,0,1,0,.177784
43288,1,21,1471.4286,6,0,1,0,-1.6321074
43500,0,27,1457.1428,10,1,1,1,1.9688003
43524,0,24,1457.1428,10,0,1,0,-.95931399
43534,1,23,1457.1428,10,0,1,0,.041358557
43570,0,18,1400,12,0,1,0,-.92025882
43926,1,22,1500,0,0,1,0,-.52560991
44256,0,21,1500,0,0,1,0,-.75170851
44266,1,19,1500,17,0,1,0,-.72487295
44282,0,20,1500,12,0,1,0,-.065591753
44408,1,22,1500,10,0,1,0,.80612248
44782,1,23,1500,0,0,1,0,.35304791
44784,1,31,1500,0,0,1,0,-.37900782
44794,0,23,1500,10,0,1,0,-2.2385681
44800,0,25,1500,12,0,1,0,-.41481555
45238,1,22,1500,4,0,1,0,1.1705657
45254,0,23,1500,4,0,1,0,-1.2112565
45442,0,22,1500,0,0,1,0,-1.0329309
